processes,with AVX512, without AVX512
1, 73.29746,73.47457
2, 40.89794,40.90148
4, 35.44901,35.53158
